{"m_ScriptingRuntimeVersion":1,"m_DefineSymbols":[{"first":1,"second":"PHOTON_UNITY_NETWORKING;PUN_2_0_OR_NEWER;PUN_2_OR_NEWER;PUN_2_19_OR_NEWER"},{"first":4,"second":"PHOTON_UNITY_NETWORKING;PUN_2_0_OR_NEWER;PUN_2_OR_NEWER;PUN_2_19_OR_NEWER"},{"first":7,"second":"PHOTON_UNITY_NETWORKING;PUN_2_0_OR_NEWER;PUN_2_OR_NEWER;PUN_2_19_OR_NEWER"},{"first":13,"second":"PHOTON_UNITY_NETWORKING;PUN_2_0_OR_NEWER;PUN_2_OR_NEWER;PUN_2_19_OR_NEWER"},{"first":14,"second":"PHOTON_UNITY_NETWORKING;PUN_2_0_OR_NEWER;PUN_2_OR_NEWER;PUN_2_19_OR_NEWER"},{"first":19,"second":"PHOTON_UNITY_NETWORKING;PUN_2_0_OR_NEWER;PUN_2_OR_NEWER;PUN_2_19_OR_NEWER"},{"first":21,"second":"PHOTON_UNITY_NETWORKING;PUN_2_0_OR_NEWER;PUN_2_OR_NEWER;PUN_2_19_OR_NEWER"},{"first":25,"second":"PHOTON_UNITY_NETWORKING;PUN_2_0_OR_NEWER;PUN_2_OR_NEWER;PUN_2_19_OR_NEWER"},{"first":27,"second":"PHOTON_UNITY_NETWORKING;PUN_2_0_OR_NEWER;PUN_2_OR_NEWER;PUN_2_19_OR_NEWER"},{"first":28,"second":"PHOTON_UNITY_NETWORKING;PUN_2_0_OR_NEWER;PUN_2_OR_NEWER;PUN_2_19_OR_NEWER"},{"first":29,"second":"PHOTON_UNITY_NETWORKING;PUN_2_0_OR_NEWER;PUN_2_OR_NEWER;PUN_2_19_OR_NEWER"}],"m_AllowUnsafeCode":false}